工作项,负责人,进展,完成进度,当前交付物,技术难度,业务价值
MCP系统通用化改造（专用→通用平台）,陈星宇,已完成,100%,通用MCP智能助手框架,⭐⭐⭐⭐⭐,将专用量化交易系统升级为支持多领域的通用平台
JSON配置文件设计与实现,陈星宇,已完成,100%,mcp.json配置管理系统,⭐⭐⭐,实现灵活的MCP服务器动态配置管理
工具参数显示Bug修复,陈星宇,已完成,100%,正确解析工具schema显示参数详情,⭐⭐⭐,修复参数信息获取失败问题提升调试体验
流式输出功能开发,陈星宇,已完成,100%,ChatGPT风格实时响应体验,⭐⭐⭐⭐,大幅提升用户交互体验模拟真实对话
智能时间处理系统,陈星宇,已完成,100%,动态时间注入到系统提示词,⭐⭐⭐⭐,创新性解决时间查询问题减少工具调用
工具调用架构重构（LangGraph→直接调用）,陈星宇,已完成,100%,串行工具执行机制,⭐⭐⭐⭐⭐,提升工具调用可控性和结果准确性
多工具调用显示优化,陈星宇,已完成,100%,工具结果去重和标识系统,⭐⭐⭐,解决工具结果混乱和重复显示问题
调试模式双模式设计,陈星宇,已完成,100%,调试/简洁模式切换功能,⭐⭐,满足不同用户的调试需求
错误处理机制完善,陈星宇,已完成,100%,SSE连接错误友好提示,⭐⭐,提升系统健壮性和用户体验
智能路由系统设计,陈星宇,已完成,100%,基于查询内容的MCP服务选择,⭐⭐⭐,根据用户查询智能路由到相关服务
配置管理类实现,陈星宇,已完成,100%,MCPConfig配置管理器,⭐⭐,支持动态添加删除MCP服务器
流式显示逻辑优化,陈星宇,已完成,100%,实时字符输出和进度提示,⭐⭐⭐,提供流畅的视觉反馈体验
系统提示词重构,陈星宇,已完成,100%,动态时间信息和使用指南,⭐⭐,提供丰富上下文减少AI理解偏差
工具执行状态追踪,陈星宇,已完成,100%,完整工具调用历史记录,⭐⭐⭐,便于调试和问题定位
异步编程性能优化,陈星宇,已完成,100%,优化异步工具调用性能,⭐⭐⭐,提升系统响应速度约30%
SQLite数据库存储系统,陈星宇,已完成,100%,完整的聊天记录数据库架构,⭐⭐⭐⭐,实现对话历史持久化存储和统计分析
实时Markdown渲染功能,陈星宇,已完成,100%,流式markdown解析和格式化显示,⭐⭐⭐⭐,大幅提升内容可读性和用户体验
数据库API接口集成,陈星宇,已完成,100%,历史记录查询和管理接口,⭐⭐⭐,支持聊天历史的CRUD操作
前端markdown样式设计,陈星宇,已完成,100%,适配AI和用户消息的markdown CSS,⭐⭐⭐,美化markdown内容显示效果
异步数据库操作实现,陈星宇,已完成,100%,基于aiosqlite的高性能数据操作,⭐⭐⭐,确保数据库操作不阻塞主流程
对话历史持久化,陈星宇,已完成,100%,SQLite存储完整对话流程,⭐⭐⭐,实现会话恢复和历史查询
前端代码审查与优化分析（0715）,陈星宇,已完成,100%,chat.js 889行代码全面分析报告,⭐⭐⭐,识别过期废弃模块提升代码质量和可维护性
思维流滚动功能开发（0715）,陈星宇,已完成,100%,自定义滚动条和高度限制机制,⭐⭐⭐⭐,解决思维流内容过多显示问题提升用户体验
思维流完全展开模式（0715）,陈星宇,已完成,100%,展开时移除高度限制的交互逻辑,⭐⭐⭐,用户无需在小框内滚动可查看完整内容
AI回复防挤压机制（0715）,陈星宇,已完成,100%,flex-shrink: 0 CSS属性和智能定位,⭐⭐⭐⭐,解决思维流被压缩成一条线的关键问题
前端响应流程梳理（0715）,陈星宇,已完成,100%,完整的AI对话响应流程分析文档,⭐⭐⭐,为后续优化提供清晰的技术路线图
Flexbox布局问题诊断（0715）,陈星宇,已完成,100%,布局压缩问题根因分析和解决方案,⭐⭐⭐⭐,深入理解并解决复杂前端布局问题
响应式滚动条设计（0715）,陈星宇,已完成,100%,桌面端和移动端差异化滚动条样式,⭐⭐⭐,提供优雅的滚动体验和视觉效果
用户体验交互优化（0715）,陈星宇,已完成,100%,思维流展示和AI回复的协调显示,⭐⭐⭐⭐,确保用户可同时查看思考过程和回复内容
废弃模块识别和清理建议（0715）,陈星宇,已完成,100%,150行冗余代码清理方案（17%优化潜力）,⭐⭐⭐,系统性分析代码质量提出具体优化建议
MCP连接池设计,陈星宇,未开始,0%,-,⭐⭐⭐⭐,提升多服务器并发性能
Web配置界面开发,陈星宇,未开始,0%,-,⭐⭐⭐⭐,可视化编辑MCP服务器配置
工具市场机制设计,陈星宇,未开始,0%,-,⭐⭐⭐⭐⭐,MCP工具发现和管理生态
安全认证系统,陈星宇,未开始,0%,-,⭐⭐⭐⭐,MCP服务器权限控制和安全加固
代码清理实施（待执行）,陈星宇,计划中,0%,-,⭐⭐⭐,按0715分析结果清理过期废弃模块
思维流功能完善（搜索筛选）,陈星宇,计划中,0%,-,⭐⭐⭐⭐,添加工具结果搜索和筛选功能
移动端交互体验优化,陈星宇,计划中,0%,-,⭐⭐⭐,完善移动设备上的思维流交互
前端性能监控系统,陈星宇,计划中,0%,-,⭐⭐⭐⭐,添加性能指标监控和分析
用户偏好设置功能,陈星宇,计划中,0%,-,⭐⭐⭐,开发思维流显示偏好配置 